Operator,Vessel,Service,BU,Wait Time (Hours): ATB-BTR,Arrival Accuracy (Final BTR),Bunker Saved (USD),Carbon Abatement (Tonnes),DIS_Score,Time_Efficiency,Cost_Efficiency,Environmental_Score,Risk_Score
EVO,MV SILVER HERON,4OF,ANTWERP,-0.32,Y,61691.04,0.362,83.39,99.03999999999999,88.13005714285714,36.199999999999996,100
NVX,MV PACIFIC HERON,LGC,ANTWERP,-7.73,Y,66914.35,0.391,79.54,76.81,95.59192857142858,39.1,100
NVX,MV ATLANTIC FALCON,D9M,BUSAN,-3.28,Y,53307.93,0.423,74.35,90.16000000000001,76.15418571428572,42.3,80
AZQ,MV RAPID CORAL,4VV,LAEM CHABANG,-2.84,Y,23503.28,0.751,72.54,91.47999999999999,33.57611428571428,75.1,100
EVO,MV GRAND CONSTELLATION,C8Q,LAEM CHABANG,-1.3,Y,36703.84,0.375,72.06,96.10000000000001,52.434057142857135,37.5,100
AZQ,MV RAPID MARINER,5RC,SINGAPORE,9.48,Y,42962.88,0.553,70.94,71.56,61.375542857142854,55.300000000000004,100
CRY,MV EASTERN MARINER,57M,JAKARTA,2.05,Y,39368.17,0.277,70.57,93.85,56.24024285714285,27.700000000000003,100
SVQ,MV GRAND DOLPHIN,I2D,SINGAPORE,3.37,Y,37987.6,0.329,69.83,89.89,54.267999999999994,32.9,100
CRY,MV OCEAN HARBOR,D9M,MUMBAI,5.72,Y,35446.61,0.489,69.82,82.84,50.638014285714284,48.9,100
AZQ,MV WESTERN CORAL,C0D,JAKARTA,-0.49,Y,39725.69,0.125,69.08,98.53,56.75098571428572,12.5,100
DPT,MV OCEAN ALBATROSS,D12,ANTWERP,5.77,Y,36122.72,0.422,68.73,82.69,51.60388571428571,42.199999999999996,100
SVQ,MV TRUST FALCON,D9M,DAMMAM,-5.22,Y,46924.26,0.356,68.53,84.33999999999999,67.03465714285714,35.6,80
EVO,MV BLUE GATE,EO3,JAKARTA,3.26,Y,32503.2,0.344,67.88,90.22,46.433142857142855,34.4,100
GRN,MV SOUTHERN ORCA,57M,ANTWERP,2.2,Y,25921.05,0.42,67.53,93.4,37.030071428571425,42.0,100
BLX,MV NORTHERN ALBATROSS,LGC,PANAMA CITY,8.43,Y,43497.19,0.319,67.43,74.71000000000001,62.13884285714286,31.900000000000002,100
DPT,MV EMERALD ORCA,5RC,JAKARTA,1.86,Y,30093.78,0.298,67.18,94.42,42.99111428571428,29.799999999999997,100
GRN,MV NORTHERN HORIZON,D9M,PANAMA CITY,-6.16,Y,43808.65,0.195,67.13,81.52,62.58378571428571,19.5,100
GRN,MV BRIGHT HARBOR,25Y,MUMBAI,-6.52,Y,41254.04,0.244,66.69,80.44,58.934342857142866,24.4,100
NVX,MV EASTERN SEAL,15P,ANTWERP,3.79,Y,31617.23,0.308,66.3,88.63,45.167471428571424,30.8,100
GRN,MV SOUTHERN CONSTELLATION,KQ5,TIANJIN,-4.87,Y,41827.35,0.112,65.78,85.39,59.75335714285714,11.200000000000001,100
UVX,MV ATLANTIC AURORA,59H,JAKARTA,-0.66,Y,28187.33,0.208,65.65,98.02,40.26761428571429,20.8,100
UVX,MV SOUTHERN ALBATROSS,EO3,BUSAN,-1.76,Y,23613.54,0.341,65.36,94.72,33.73362857142857,34.1,100
EVO,MV RAPID HARBOR,DF5,DAMMAM,-2.56,Y,36385.2,0.1,65.29,92.32000000000001,51.97885714285714,10.0,100
UVX,MV GRAND ALBATROSS,57M,MUMBAI,5.18,Y,30669.55,0.327,65.02,84.46000000000001,43.81364285714285,32.7,100
GRN,MV RAPID VOYAGER,DF5,PANAMA CITY,-4.92,Y,35776.21,0.204,64.98,85.24000000000001,51.108871428571426,20.4,100
OPR,MV SILVER VOYAGER,C7P,MUMBAI,0.06,Y,17258.05,0.382,64.98,99.82,24.65435714285714,38.2,100
GRN,MV TRUST GATE,89H,DAMMAM,0.43,Y,21877.25,0.296,64.91,98.71,31.253214285714286,29.599999999999998,100
GRN,MV ATLANTIC GATE,4VV,ANTWERP,3.59,Y,37152.73,0.291,64.51,89.23,53.07532857142857,29.099999999999998,80
OPR,MV PACIFIC CONSTELLATION,9NB,SINGAPORE,-2.69,Y,23019.96,0.326,63.96,91.93,32.88565714285714,32.6,100
UVX,MV GRAND HORIZON,4VV,DAMMAM,-4.88,Y,29649.85,0.267,63.66,85.36,42.35692857142857,26.700000000000003,100
DPT,MV TRUST ALBATROSS,DF5,SINGAPORE,4.57,Y,29081.93,0.265,63.65,86.29,41.54561428571429,26.5,100
UVX,MV NORTHERN CONSTELLATION,9NB,DAMMAM,-4.77,Y,24401.03,0.329,62.74,85.69,34.85861428571428,32.9,100
CRY,MV GOLDEN GATE,4OF,PANAMA CITY,-1.45,Y,21152.89,0.247,62.7,95.65,30.218414285714285,24.7,100
EVO,MV EASTERN FALCON,59H,LAEM CHABANG,5.46,Y,23862.37,0.357,62.45,83.62,34.0891,35.699999999999996,100
NVX,MV NORTHERN SEAWAY,B5G,ANTWERP,-0.41,Y,19101.15,0.227,62.36,98.77,27.287357142857143,22.7,100
CRY,MV GRAND ORCA,KQ5,SINGAPORE,3.75,Y,27512.07,0.186,62.14,88.75,39.30295714285714,18.6,100
EVO,MV SOUTHERN HERON,I2D,ANTWERP,8.61,Y,46905.42,0.189,62.13,74.17,67.00774285714286,18.9,80
SVQ,MV TRUST MARINER,23I,PANAMA CITY,-9.19,Y,42103.33,0.304,61.85,72.42999999999999,60.14761428571429,30.4,80
BLX,MV PACIFIC CONSTELLATION,C0D,DAMMAM,0.53,Y,23745.96,0.1,61.7,98.41,33.922799999999995,10.0,100
NVX,MV SOUTHERN ORCA,5RC,PANAMA CITY,0.45,Y,19329.86,0.19,61.68,98.65,27.614085714285714,19.0,100
EVO,MV EMERALD AURORA,4OF,MUMBAI,-9.67,Y,36393.9,0.239,61.67,70.99,51.991285714285716,23.9,100
EVO,MV GOLDEN FALCON,KQ5,ANTWERP,-8.89,Y,19616.74,0.561,61.63,73.33000000000001,28.023914285714284,56.10000000000001,100
UVX,MV ATLANTIC VOYAGER,LGC,PANAMA CITY,4.21,Y,24675.31,0.238,61.55,87.36999999999999,35.25044285714286,23.799999999999997,100
AZQ,MV TRUST SEAL,9NB,DAMMAM,-5.64,Y,34075.75,0.1,61.53,83.08,48.67964285714286,10.0,100
AZQ,MV RAPID CORAL,15P,TIANJIN,5.54,Y,28010.68,0.202,61.06,83.38,40.01525714285714,20.200000000000003,100
UVX,MV OCEAN HARBOR,59H,MUMBAI,8.45,Y,27544.75,0.343,61.06,74.64999999999999,39.34964285714286,34.300000000000004,100
CRY,MV WESTERN HORIZON,HWI,DAMMAM,-3.15,Y,15141.17,0.367,60.99,90.55,21.630242857142857,36.7,100
EVO,MV PACIFIC HERON,15P,MUMBAI,2.98,Y,26199.86,0.11,60.75,91.06,37.428371428571424,11.0,100
AZQ,MV SOUTHERN HERON,C0D,JAKARTA,0.73,Y,21797.49,0.1,60.68,97.81,31.13927142857143,10.0,100
UVX,MV SOUTHERN CORAL,15P,DAMMAM,-6.44,Y,33110.38,0.1,60.39,80.67999999999999,47.30054285714285,10.0,100
GRN,MV OCEAN HERON,EO3,MUMBAI,0.19,Y,19968.16,0.1,60.39,99.43,28.525942857142855,10.0,100
UVX,MV OCEAN FALCON,23I,MUMBAI,1.99,Y,18264.43,0.216,60.36,94.03,26.092042857142854,21.6,100
EVO,MV PACIFIC VOYAGER,D9M,SINGAPORE,3.32,Y,17441.94,0.29,60.29,90.04,24.91705714285714,28.999999999999996,100
BLX,MV NORTHERN HARBOR,C7P,ANTWERP,0.0,Y,18086.91,0.127,60.29,100.0,25.83844285714286,12.7,100
AZQ,MV EASTERN AURORA,C0D,DAMMAM,2.98,Y,14907.91,0.327,60.25,91.06,21.297014285714287,32.7,100
DPT,MV GRAND VOYAGER,57M,MUMBAI,3.1,Y,23158.69,0.155,60.24,90.7,33.083842857142855,15.5,100
EVO,MV EMERALD FALCON,KP9,PANAMA CITY,0.13,Y,11465.78,0.267,60.14,99.61,16.379685714285717,26.700000000000003,100
OPR,MV SOUTHERN GATE,EO3,PANAMA CITY,-3.54,Y,20858.12,0.203,59.81,89.38,29.797314285714283,20.3,100
OPR,MV ATLANTIC SEAWAY,B5G,ANTWERP,10.94,Y,45278.99,0.304,59.64,67.18,64.68427142857142,30.4,70
GRN,MV PACIFIC GATE,89H,BUSAN,7.47,Y,17133.11,0.446,59.54,77.59,24.47587142857143,44.6,100
NVX,MV EMERALD DOLPHIN,15P,MUMBAI,-3.12,Y,33365.65,0.1,59.49,90.64,47.665214285714285,10.0,80
EVO,MV PACIFIC ALBATROSS,KP9,JAKARTA,1.22,Y,16523.75,0.174,59.46,96.34,23.60535714285714,17.4,100
EVO,MV RAPID HARBOR,5RC,DAMMAM,6.49,Y,21284.3,0.282,58.92,80.53,30.406142857142854,28.199999999999996,100
CRY,MV OCEAN SEAWAY,89H,TIANJIN,9.9,Y,27906.07,0.29,58.85,70.30000000000001,39.865814285714286,28.999999999999996,100
BLX,MV BLUE SEAWAY,2C7,BUSAN,8.55,Y,18775.05,0.415,58.65,74.35000000000001,26.821499999999997,41.5,100
GRN,MV BLUE GATE,23I,MUMBAI,-8.21,Y,27706.79,0.206,58.61,75.37,39.58112857142858,20.599999999999998,100
BLX,MV SILVER HERON,DF5,JAKARTA,-3.9,Y,15380.84,0.269,58.46,88.3,21.972628571428572,26.900000000000002,100
SVQ,MV GRAND FALCON,2C7,BUSAN,-2.57,Y,19881.69,0.1,58.21,92.28999999999999,28.402414285714283,10.0,100
UVX,MV TRUST MARINER,EO3,LAEM CHABANG,5.1,Y,17629.84,0.255,58.07,84.7,25.185485714285715,25.5,100
NVX,MV SOUTHERN VOYAGER,C7P,ANTWERP,-9.88,Y,30399.36,0.196,58.06,70.36,43.42765714285714,19.6,100
SVQ,MV ATLANTIC VOYAGER,2C7,DAMMAM,-5.79,Y,24995.39,0.127,58.04,82.63000000000001,35.707699999999996,12.7,100
DPT,MV GOLDEN CORAL,25Y,ANTWERP,-9.89,N,36919.46,0.949,57.9,30.329999999999995,52.742085714285714,94.89999999999999,70
UVX,MV SOUTHERN GATE,KQ5,PANAMA CITY,5.59,Y,15369.66,0.301,57.58,83.23,21.956657142857143,30.099999999999998,100
NVX,MV WESTERN ALBATROSS,2C7,ANTWERP,-0.39,Y,9597.31,0.188,57.52,98.83000000000001,13.710442857142857,18.8,100
UVX,MV GOLDEN AURORA,C7P,MUMBAI,1.69,Y,13274.6,0.165,57.47,94.93,18.963714285714286,16.5,100
EVO,MV GRAND ORCA,B5G,LAEM CHABANG,0.5,Y,11124.57,0.15,57.32,98.5,15.892242857142858,15.0,100
GRN,MV TRUST SEAL,15P,DAMMAM,5.97,Y,18299.25,0.232,57.11,82.09,26.141785714285714,23.200000000000003,100
EVO,MV BRIGHT SEAWAY,C7P,LAEM CHABANG,-1.31,Y,14651.99,0.1,57.1,96.07,20.931414285714286,10.0,100
AZQ,MV GRAND FALCON,D9M,LAEM CHABANG,3.42,Y,14931.51,0.182,56.96,89.74,21.330728571428573,18.2,100
OPR,MV SILVER HERON,EO3,DAMMAM,6.89,Y,17182.97,0.276,56.68,79.33,24.547100000000004,27.6,100
SVQ,MV WESTERN HERON,5RC,LAEM CHABANG,-3.53,Y,14820.94,0.168,56.53,89.41,21.17277142857143,16.8,100
AZQ,MV EASTERN GATE,03J,TIANJIN,-8.28,Y,26943.02,0.119,56.48,75.16000000000001,38.49002857142857,11.899999999999999,100
DPT,MV GOLDEN AURORA,23I,SINGAPORE,0.74,Y,11950.29,0.1,56.46,97.78,17.071842857142858,10.0,100
NVX,MV GOLDEN AURORA,5RC,MUMBAI,4.52,Y,23490.34,0.22,56.4,86.44000000000001,33.55762857142857,22.0,80
OPR,MV RAPID ALBATROSS,ALW,LAEM CHABANG,6.54,Y,27520.71,0.213,56.17,80.38000000000001,39.3153,21.3,80
NVX,MV NORTHERN HARBOR,B5G,PANAMA CITY,11.16,Y,20700.14,0.649,55.81,66.52,29.571628571428572,64.9,70
SVQ,MV RAPID SEAWAY,C8Q,LAEM CHABANG,-3.76,Y,14917.07,0.135,55.71,88.72,21.3101,13.5,100
GRN,MV SOUTHERN FALCON,03J,DAMMAM,-1.07,Y,8006.81,0.162,55.71,96.78999999999999,11.438300000000002,16.2,100
GRN,MV TRUST ALBATROSS,F6Y,DAMMAM,2.9,Y,14692.28,0.1,55.69,91.3,20.98897142857143,10.0,100
GRN,MV ATLANTIC AURORA,03J,MUMBAI,-3.26,Y,15251.21,0.1,55.6,90.22,21.787442857142857,10.0,100
BLX,MV BLUE VOYAGER,DF5,SINGAPORE,-6.97,Y,17571.41,0.212,55.5,79.08999999999999,25.102014285714287,21.2,100
EVO,MV GOLDEN SEAL,4OF,SINGAPORE,2.23,Y,12162.76,0.111,55.43,93.30999999999999,17.37537142857143,11.1,100
UVX,MV SILVER AURORA,F6Y,MUMBAI,3.26,Y,23502.78,0.103,55.2,90.22,33.5754,10.299999999999999,80
SVQ,MV BRIGHT DOLPHIN,DF5,BUSAN,5.63,Y,15986.41,0.162,55.02,83.11,22.83772857142857,16.2,100
UVX,MV GOLDEN SEAL,D12,MUMBAI,1.41,Y,9087.24,0.118,54.99,95.77,12.98177142857143,11.799999999999999,100
UVX,MV NORTHERN VOYAGER,ALW,DAMMAM,-6.51,Y,16646.8,0.182,54.92,80.47,23.781142857142857,18.2,100
CRY,MV SILVER CORAL,2C7,MUMBAI,3.21,Y,10165.52,0.168,54.83,90.37,14.52217142857143,16.8,100
EVO,MV NORTHERN DOLPHIN,EO3,MUMBAI,-8.45,Y,24347.11,0.1,54.83,74.64999999999999,34.78158571428572,10.0,100
EVO,MV OCEAN CONSTELLATION,I2D,JAKARTA,4.55,Y,15972.96,0.1,54.75,86.35,22.818514285714283,10.0,100
NVX,MV NORTHERN HARBOR,B5G,ANTWERP,-0.2,Y,7567.5,0.282,54.7,99.4,10.810714285714287,28.199999999999996,80
EVO,MV TRUST ALBATROSS,25Y,LAEM CHABANG,-3.92,Y,12223.81,0.149,54.69,88.24000000000001,17.462585714285712,14.899999999999999,100
NVX,MV BLUE MARINER,I13,JAKARTA,7.71,Y,17921.88,0.195,54.64,76.87,25.602685714285716,19.5,100
SVQ,MV ATLANTIC VOYAGER,4VV,MUMBAI,-5.53,Y,14006.06,0.179,54.61,83.41000000000001,20.008657142857142,17.9,100
CRY,MV BLUE HERON,23I,ANTWERP,-10.73,Y,29969.18,0.367,54.53,67.81,42.813114285714285,36.7,70
AZQ,MV OCEAN CORAL,9NB,BUSAN,1.37,N,46009.65,0.193,54.35,55.88999999999999,65.72807142857144,19.3,70
UVX,MV NORTHERN VOYAGER,F6Y,PANAMA CITY,-9.82,Y,12560.68,0.389,54.33,70.54,17.943828571428572,38.9,100
CRY,MV SILVER HARBOR,25Y,ANTWERP,-9.27,Y,23500.89,0.129,54.31,72.19,33.5727,12.9,100
AZQ,MV BLUE ALBATROSS,4VV,JAKARTA,2.87,Y,11386.41,0.1,54.3,91.39,16.2663,10.0,100
BLX,MV GOLDEN FALCON,D9M,BUSAN,4.16,Y,13459.8,0.1,54.02,87.52,19.228285714285715,10.0,100
CRY,MV GRAND HORIZON,B5G,LAEM CHABANG,-2.67,N,45629.3,0.238,53.91,51.99,65.18471428571428,23.799999999999997,70
OPR,MV OCEAN SEAL,LGC,LAEM CHABANG,-7.73,Y,18724.34,0.14,53.87,76.81,26.74905714285714,14.000000000000002,100
CRY,MV SILVER GATE,23I,MUMBAI,2.4,Y,18679.3,0.1,53.85,92.80000000000001,26.684714285714286,10.0,80
AZQ,MV SOUTHERN ORCA,LGC,MUMBAI,1.25,Y,5713.04,0.123,53.78,96.25,8.161485714285714,12.3,100
AZQ,MV NORTHERN GATE,EO3,BUSAN,5.9,Y,16507.6,0.1,53.76,82.3,23.58228571428571,10.0,100
CRY,MV RAPID CONSTELLATION,4VV,BUSAN,-0.65,Y,5401.37,0.1,53.73,98.05,7.716242857142857,10.0,100
CRY,MV SILVER CONSTELLATION,4OF,DAMMAM,3.72,Y,6178.85,0.215,53.6,88.84,8.82692857142857,21.5,100
GRN,MV PACIFIC GATE,15P,MUMBAI,-8.08,Y,26593.02,0.169,53.51,75.76,37.990028571428574,16.900000000000002,80
UVX,MV SOUTHERN AURORA,57M,MUMBAI,-7.06,Y,13597.72,0.201,53.49,78.82000000000001,19.425314285714286,20.1,100
UVX,MV WESTERN HERON,I13,PANAMA CITY,11.71,Y,18986.08,0.59,53.4,64.87,27.12297142857143,59.0,70
UVX,MV PACIFIC SEAWAY,15P,DAMMAM,-5.08,Y,10406.04,0.168,53.25,84.76,14.865771428571431,16.8,100
EVO,MV GRAND HORIZON,I2D,TIANJIN,-1.01,Y,4893.93,0.1,53.19,96.97,6.991328571428572,10.0,100
NVX,MV GOLDEN HERON,KQ5,ANTWERP,-7.39,Y,21598.23,0.229,53.19,77.83,30.854614285714284,22.900000000000002,80
DPT,MV WESTERN AURORA,HWI,LAEM CHABANG,-8.83,Y,19575.91,0.135,53.14,73.51,27.965585714285712,13.5,100
GRN,MV EASTERN ORCA,9NB,PANAMA CITY,-11.28,Y,30488.42,0.311,53.13,66.16,43.55488571428571,31.1,70
BLX,MV BLUE MARINER,I13,ANTWERP,9.01,Y,29737.04,0.124,53.12,72.97,42.48148571428572,12.4,80
SVQ,MV GRAND SEAWAY,LGC,SINGAPORE,-11.53,Y,34957.91,0.225,53.1,65.41,49.939871428571436,22.5,70
GRN,MV TRUST HERON,5RC,MUMBAI,11.04,Y,34097.63,0.207,52.82,66.88000000000001,48.710899999999995,20.7,70
UVX,MV GRAND SEAL,D12,PANAMA CITY,1.38,Y,3750.54,0.1,52.37,95.86,5.357914285714286,10.0,100
GRN,MV EMERALD HARBOR,B5G,ANTWERP,8.15,Y,12632.72,0.214,52.36,75.55000000000001,18.046742857142856,21.4,100
BLX,MV SILVER GATE,15P,ANTWERP,0.01,Y,819.69,0.1,52.34,99.97,1.1709857142857143,10.0,100
NVX,MV WESTERN ALBATROSS,03J,LAEM CHABANG,5.37,Y,11780.33,0.1,52.22,83.89,16.829042857142856,10.0,100
CRY,MV OCEAN FALCON,C7P,LAEM CHABANG,-10.7,Y,35644.2,0.327,52.19,67.9,50.920285714285704,32.7,50
BLX,MV TRUST GATE,I2D,TIANJIN,-0.52,Y,9072.62,0.125,51.92,98.44,12.960885714285716,12.5,80
SVQ,MV SOUTHERN DOLPHIN,23I,BUSAN,9.92,Y,19788.21,0.118,51.91,70.24000000000001,28.26887142857143,11.799999999999999,100
AZQ,MV BRIGHT SEAWAY,ALW,LAEM CHABANG,-3.56,Y,16571.14,0.1,51.9,89.32,23.673057142857143,10.0,80
UVX,MV EMERALD SEAL,9NB,BUSAN,2.88,Y,5714.71,0.1,51.86,91.36,8.16387142857143,10.0,100
DPT,MV PACIFIC ALBATROSS,2C7,JAKARTA,7.35,Y,14859.24,0.1,51.75,77.95,21.227485714285713,10.0,100
AZQ,MV SILVER HORIZON,03J,ANTWERP,-2.53,Y,4583.12,0.1,51.69,92.41,6.547314285714285,10.0,100
GRN,MV TRUST CORAL,I13,PANAMA CITY,-8.54,Y,17216.15,0.1,51.69,74.38,24.594500000000004,10.0,100
AZQ,MV SOUTHERN ALBATROSS,D12,BUSAN,3.59,Y,4895.86,0.14,51.67,89.23,6.994085714285713,14.000000000000002,100
AZQ,MV BLUE FALCON,59H,JAKARTA,-8.04,Y,15798.73,0.1,51.53,75.88000000000001,22.569614285714284,10.0,100
DPT,MV GOLDEN HARBOR,15P,JAKARTA,-8.92,Y,17532.45,0.1,51.49,73.24000000000001,25.046357142857147,10.0,100
GRN,MV SILVER AURORA,03J,BUSAN,-4.25,Y,17014.14,0.1,51.47,87.25,24.305914285714287,10.0,80
DPT,MV SOUTHERN CONSTELLATION,B5G,TIANJIN,7.78,Y,14789.25,0.1,51.34,76.66,21.127499999999998,10.0,100
EVO,MV PACIFIC FALCON,59H,PANAMA CITY,4.8,Y,13498.04,0.193,51.32,85.6,19.282914285714288,19.3,80
OPR,MV BLUE SEAL,C0D,DAMMAM,7.72,Y,14608.23,0.1,51.31,76.84,20.8689,10.0,100
EVO,MV RAPID CORAL,15P,JAKARTA,8.89,Y,8580.0,0.277,51.22,73.33000000000001,12.257142857142856,27.700000000000003,100
CRY,MV RAPID HERON,5RC,ANTWERP,-3.39,Y,4895.44,0.103,51.11,89.83,6.993485714285713,10.299999999999999,100
NVX,MV GRAND HARBOR,59H,TIANJIN,1.66,Y,1407.04,0.1,51.11,95.02000000000001,2.0100571428571428,10.0,100
EVO,MV NORTHERN CONSTELLATION,989,TIANJIN,-4.52,Y,14830.92,0.137,51.03,86.44000000000001,21.18702857142857,13.700000000000001,80
OPR,MV SILVER VOYAGER,F6Y,PANAMA CITY,6.83,Y,10945.59,0.119,50.92,79.50999999999999,15.636557142857143,11.899999999999999,100
GRN,MV GRAND DOLPHIN,KP9,ANTWERP,7.83,Y,12351.73,0.128,50.81,76.51,17.64532857142857,12.8,100
DPT,MV GRAND FALCON,B5G,MUMBAI,8.97,Y,25384.88,0.1,50.81,73.09,36.264114285714285,10.0,80
NVX,MV PACIFIC HORIZON,25Y,PANAMA CITY,11.4,Y,35021.03,0.1,50.75,65.8,50.03004285714285,10.0,70
EVO,MV BRIGHT AURORA,I2D,JAKARTA,7.8,Y,13458.46,0.1,50.75,76.6,19.226371428571426,10.0,100
DPT,MV OCEAN AURORA,57M,SINGAPORE,1.89,Y,6992.19,0.16,50.5,94.33,9.988842857142858,16.0,80
AZQ,MV GOLDEN DOLPHIN,C7P,ANTWERP,8.62,Y,14546.92,0.1,50.48,74.14,20.781314285714288,10.0,100
BLX,MV BRIGHT GATE,5RC,SINGAPORE,4.25,Y,5214.01,0.1,50.41,87.25,7.448585714285715,10.0,100
BLX,MV RAPID CONSTELLATION,9NB,ANTWERP,-2.08,N,32487.22,0.317,50.39,53.76,46.410314285714286,31.7,70
UVX,MV SILVER ORCA,D9M,LAEM CHABANG,-1.85,Y,50.0,0.1,50.36,94.45,0.07142857142857142,10.0,100
GRN,MV EASTERN GATE,LGC,SINGAPORE,-7.41,Y,11705.92,0.1,50.35,77.77000000000001,16.72274285714286,10.0,100
BLX,MV TRUST HARBOR,L93,DAMMAM,-1.65,N,30904.78,0.326,50.28,55.05,44.14968571428572,32.6,70
EVO,MV ATLANTIC SEAWAY,89H,JAKARTA,8.46,Y,12425.1,0.116,50.03,74.62,17.75014285714286,11.600000000000001,100
DPT,MV OCEAN AURORA,03J,BUSAN,-5.35,Y,6592.72,0.1,50.01,83.95,9.418171428571428,10.0,100
UVX,MV EMERALD ORCA,HWI,MUMBAI,-2.41,Y,50.0,0.1,49.85,92.77,0.07142857142857142,10.0,100
DPT,MV RAPID SEAWAY,I2D,BUSAN,-3.09,Y,1277.06,0.1,49.77,90.73,1.8243714285714283,10.0,100
EVO,MV OCEAN MARINER,5RC,JAKARTA,-8.38,Y,10833.95,0.129,49.68,74.86,15.47707142857143,12.9,100
EVO,MV EASTERN HERON,KP9,PANAMA CITY,4.2,N,38189.62,0.254,49.67,47.4,54.5566,25.4,70
AZQ,MV RAPID HORIZON,KQ5,SINGAPORE,-6.72,Y,15058.17,0.162,49.65,79.84,21.51167142857143,16.2,80
CRY,MV EMERALD GATE,HWI,LAEM CHABANG,-8.39,Y,8713.68,0.168,49.54,74.83,12.448114285714286,16.8,100
AZQ,MV WESTERN SEAWAY,I2D,DAMMAM,-9.02,Y,9337.17,0.159,49.06,72.94,13.338814285714287,15.9,100
AZQ,MV GOLDEN HARBOR,03J,JAKARTA,9.2,Y,14334.17,0.25,48.86,72.39999999999999,20.477385714285713,25.0,80
AZQ,MV SOUTHERN ALBATROSS,C8Q,TIANJIN,8.13,Y,9570.63,0.1,48.78,75.61,13.672328571428572,10.0,100
AZQ,MV GRAND CORAL,C0D,BUSAN,2.92,Y,7858.93,0.1,48.74,91.24,11.227042857142857,10.0,80
OPR,MV EMERALD HERON,4OF,MUMBAI,-6.58,N,26896.35,0.555,48.71,40.26,38.42335714285714,55.50000000000001,70
SVQ,MV WESTERN CORAL,I2D,MUMBAI,2.23,N,32472.13,0.231,48.53,53.30999999999999,46.388757142857145,23.1,70
EVO,MV RAPID MARINER,F6Y,TIANJIN,-6.08,Y,8951.63,0.206,48.48,81.76,12.788042857142855,20.599999999999998,80
OPR,MV ATLANTIC HORIZON,ALW,BUSAN,-8.38,Y,9143.97,0.1,48.38,74.86,13.062814285714285,10.0,100
BLX,MV GOLDEN MARINER,15P,DAMMAM,0.26,N,35654.36,0.264,48.33,59.21999999999999,50.9348,26.400000000000002,50
NVX,MV ATLANTIC HERON,B5G,TIANJIN,4.55,Y,971.07,0.1,48.32,86.35,1.3872428571428572,10.0,100
BLX,MV EASTERN CONSTELLATION,5RC,BUSAN,9.12,Y,10389.4,0.1,48.24,72.64,14.841999999999999,10.0,100
AZQ,MV NORTHERN HORIZON,I2D,DAMMAM,11.21,Y,22283.61,0.237,48.2,66.36999999999999,31.833728571428573,23.7,70
NVX,MV SILVER DOLPHIN,4VV,BUSAN,10.86,Y,25864.8,0.135,48.01,67.42000000000002,36.949714285714286,13.5,70
NVX,MV NORTHERN CONSTELLATION,LGC,DAMMAM,9.67,Y,17443.43,0.159,47.95,70.99,24.919185714285717,15.9,80
OPR,MV GOLDEN ALBATROSS,F6Y,MUMBAI,4.58,Y,50.0,0.1,47.9,86.26,0.07142857142857142,10.0,100
NVX,MV GOLDEN AURORA,D9M,PANAMA CITY,-5.46,N,33210.61,0.327,47.86,43.62,47.44372857142857,32.7,70
NVX,MV BLUE MARINER,59H,JAKARTA,9.23,Y,13822.85,0.211,47.84,72.31,19.746928571428572,21.099999999999998,80
SVQ,MV NORTHERN CORAL,5RC,ANTWERP,-4.83,Y,50.0,0.1,47.67,85.50999999999999,0.07142857142857142,10.0,100
UVX,MV EASTERN HORIZON,5RC,DAMMAM,-7.78,Y,5726.54,0.1,47.45,76.66,8.180771428571429,10.0,100
UVX,MV EMERALD CONSTELLATION,ALW,TIANJIN,-6.77,Y,3575.51,0.1,47.44,79.69,5.107871428571429,10.0,100
SVQ,MV GRAND VOYAGER,57M,MUMBAI,-0.88,Y,50.0,0.1,47.23,97.36,0.07142857142857142,10.0,80
CRY,MV EMERALD HARBOR,15P,MUMBAI,-1.62,N,35996.8,0.259,47.15,55.14,51.42400000000001,25.900000000000002,50
SVQ,MV ATLANTIC ALBATROSS,15P,JAKARTA,-7.02,Y,3029.68,0.1,46.98,78.94000000000001,4.328114285714285,10.0,100
CRY,MV NORTHERN HARBOR,4OF,BUSAN,8.91,Y,6467.48,0.1,46.75,73.27,9.239257142857142,10.0,100
DPT,MV ATLANTIC FALCON,23I,PANAMA CITY,-9.97,Y,8537.44,0.1,46.69,70.09,12.196342857142858,10.0,100
CRY,MV EASTERN SEAL,EO3,ANTWERP,7.75,N,34889.16,0.329,46.56,36.75,49.84165714285715,32.9,70
DPT,MV RAPID GATE,23I,BUSAN,-9.86,Y,7878.43,0.1,46.5,70.41999999999999,11.254900000000001,10.0,100
EVO,MV GOLDEN HORIZON,9NB,ANTWERP,-9.78,Y,7526.78,0.1,46.42,70.66,10.752542857142856,10.0,100
DPT,MV NORTHERN CORAL,25Y,SINGAPORE,6.83,Y,10576.28,0.1,46.39,79.50999999999999,15.10897142857143,10.0,80
OPR,MV NORTHERN AURORA,DF5,TIANJIN,1.89,Y,50.0,0.1,46.32,94.33,0.07142857142857142,10.0,80
NVX,MV BRIGHT VOYAGER,C8Q,PANAMA CITY,-6.46,N,32014.54,0.305,46.01,40.62,45.735057142857144,30.5,70
EVO,MV TRUST SEAL,59H,TIANJIN,-1.15,N,27470.28,0.363,46.0,56.55,39.24325714285714,36.3,50
GRN,MV SILVER ORCA,C8Q,MUMBAI,-8.97,Y,3231.92,0.1,45.31,73.09,4.6170285714285715,10.0,100
OPR,MV OCEAN ORCA,23I,ANTWERP,-8.34,N,25232.31,0.493,45.17,34.98,36.04615714285714,49.3,70
OPR,MV BRIGHT HORIZON,5RC,PANAMA CITY,9.51,Y,3803.18,0.1,45.07,71.47,5.433114285714286,10.0,100
AZQ,MV BRIGHT SEAL,25Y,LAEM CHABANG,4.92,N,33220.69,0.154,44.89,45.239999999999995,47.458128571428574,15.4,70
NVX,MV ATLANTIC SEAL,4OF,LAEM CHABANG,-3.49,Y,50.0,0.1,44.88,89.53,0.07142857142857142,10.0,80
EVO,MV BLUE DOLPHIN,03J,DAMMAM,-11.1,Y,12087.62,0.283,44.85,66.7,17.268028571428573,28.299999999999997,70
DPT,MV GRAND HORIZON,F6Y,TIANJIN,8.22,Y,7878.3,0.138,44.74,75.34,11.254714285714286,13.8,80
SVQ,MV GRAND CONSTELLATION,D12,TIANJIN,-9.68,Y,3028.02,0.1,44.59,70.96000000000001,4.325742857142857,10.0,100
GRN,MV ATLANTIC SEAWAY,C8Q,PANAMA CITY,2.03,N,28814.76,0.1,44.52,53.90999999999999,41.16394285714286,10.0,70
NVX,MV NORTHERN CONSTELLATION,D12,ANTWERP,7.01,N,30485.26,0.282,44.4,38.97,43.550371428571424,28.199999999999996,70
CRY,MV SOUTHERN ALBATROSS,D9M,DAMMAM,-1.8,N,27419.59,0.105,44.23,54.6,39.17084285714286,10.5,70
AZQ,MV EMERALD SEAL,03J,BUSAN,-11.59,Y,15346.72,0.196,44.07,65.23,21.923885714285714,19.6,70
SVQ,MV OCEAN AURORA,23I,LAEM CHABANG,-3.89,N,24251.7,0.251,43.91,48.33,34.64528571428572,25.1,70
UVX,MV BRIGHT CORAL,59H,ANTWERP,-12.0,Y,25807.77,0.174,43.74,64.0,36.86824285714286,17.4,50
OPR,MV OCEAN ORCA,B5G,ANTWERP,5.63,N,38079.99,0.224,43.73,43.11,54.39998571428571,22.400000000000002,50
AZQ,MV PACIFIC ORCA,D9M,SINGAPORE,-10.02,Y,15311.32,0.103,43.6,69.94,21.873314285714287,10.299999999999999,70
GRN,MV SOUTHERN MARINER,I13,BUSAN,9.42,Y,8357.36,0.1,43.1,71.74000000000001,11.939085714285715,10.0,80
NVX,MV SOUTHERN SEAWAY,KP9,PANAMA CITY,-5.17,N,25568.79,0.228,42.87,44.49,36.52684285714286,22.8,70
DPT,MV OCEAN CONSTELLATION,89H,TIANJIN,10.89,Y,11237.3,0.184,42.69,67.33,16.053285714285714,18.4,70
OPR,MV PACIFIC FALCON,C7P,BUSAN,-7.3,N,34173.74,0.1,42.08,38.1,48.81962857142857,10.0,70
SVQ,MV TRUST HERON,57M,DAMMAM,6.96,N,30015.38,0.171,42.02,39.12,42.87911428571429,17.1,70
UVX,MV OCEAN HORIZON,LGC,JAKARTA,-4.04,N,20428.96,0.239,41.9,47.88,29.184228571428573,23.9,70
SVQ,MV TRUST AURORA,03J,DAMMAM,-11.89,N,41630.12,0.423,41.6,24.329999999999995,59.4716,42.3,40
CRY,MV TRUST HORIZON,5RC,SINGAPORE,10.01,Y,8197.71,0.147,41.44,69.97,11.711014285714285,14.7,70
CRY,MV NORTHERN SEAWAY,989,TIANJIN,-5.38,N,18053.51,0.324,41.38,43.86,25.790728571428566,32.4,70
GRN,MV PACIFIC ORCA,EO3,LAEM CHABANG,-3.95,N,25521.53,0.1,41.38,48.15,36.459328571428564,10.0,70
CRY,MV WESTERN HERON,D9M,LAEM CHABANG,-7.67,Y,50.0,0.1,41.12,76.99000000000001,0.07142857142857142,10.0,80
BLX,MV GOLDEN MARINER,59H,ANTWERP,-11.88,Y,13429.98,0.1,41.06,64.36,19.185685714285714,10.0,70
NVX,MV BRIGHT AURORA,D9M,BUSAN,8.95,Y,1218.33,0.1,40.47,73.15,1.7404714285714284,10.0,80
EVO,MV GOLDEN HARBOR,C0D,JAKARTA,-2.99,N,14973.16,0.232,40.37,51.03,21.390228571428572,23.200000000000003,70
SVQ,MV SOUTHERN AURORA,4VV,TIANJIN,0.0,N,13691.67,0.32,40.27,60.0,19.559528571428572,32.0,50
BLX,MV RAPID DOLPHIN,L93,LAEM CHABANG,-6.32,N,21796.17,0.229,40.23,41.03999999999999,31.13738571428571,22.900000000000002,70
UVX,MV NORTHERN HERON,F6Y,SINGAPORE,-10.16,Y,7551.63,0.1,40.09,69.52000000000001,10.788042857142857,10.0,70
AZQ,MV TRUST AURORA,DF5,JAKARTA,7.61,N,20527.5,0.288,39.71,37.169999999999995,29.325000000000003,28.799999999999997,70
OPR,MV EMERALD GATE,DF5,MUMBAI,-0.8,N,14917.51,0.1,39.67,57.599999999999994,21.310728571428573,10.0,70
GRN,MV NORTHERN CORAL,989,TIANJIN,-11.77,Y,8829.05,0.1,39.19,64.69,12.612928571428569,10.0,70
SVQ,MV WESTERN ALBATROSS,2C7,DAMMAM,-0.99,N,13823.16,0.1,39.03,57.03,19.747371428571427,10.0,70
UVX,MV ATLANTIC VOYAGER,9NB,MUMBAI,10.53,Y,13406.73,0.137,39.01,68.41000000000001,19.152471428571427,13.700000000000001,50
UVX,MV BLUE SEAWAY,15P,MUMBAI,-5.54,N,12181.46,0.337,38.97,43.379999999999995,17.402085714285715,33.7,70
DPT,MV EASTERN CORAL,LGC,TIANJIN,-11.23,Y,7068.73,0.1,38.92,66.31,10.098185714285714,10.0,70
OPR,MV ATLANTIC DOLPHIN,C8Q,ANTWERP,-7.08,N,15653.83,0.324,38.82,38.76,22.362614285714287,32.4,70
UVX,MV BRIGHT CORAL,F6Y,ANTWERP,7.14,N,11178.35,0.42,38.76,38.58,15.96907142857143,42.0,70
AZQ,MV PACIFIC HERON,03J,MUMBAI,7.6,N,34522.07,0.134,38.64,37.2,49.31724285714286,13.4,50
UVX,MV PACIFIC ALBATROSS,I2D,SINGAPORE,-6.42,N,21846.86,0.148,38.54,40.74,31.209799999999998,14.799999999999999,70
EVO,MV WESTERN ALBATROSS,89H,PANAMA CITY,-11.97,Y,5558.85,0.14,38.41,64.09,7.9412142857142864,14.000000000000002,70
NVX,MV PACIFIC HERON,15P,LAEM CHABANG,1.64,N,11040.89,0.141,38.08,55.08,15.772699999999999,14.099999999999998,70
NVX,MV EMERALD VOYAGER,C7P,DAMMAM,5.33,N,27151.51,0.159,38.02,44.01,38.78787142857142,15.9,50
NVX,MV PACIFIC ORCA,4OF,SINGAPORE,-7.67,N,22034.06,0.127,37.08,36.99,31.477228571428572,12.7,70
NVX,MV SILVER HARBOR,4OF,TIANJIN,-4.82,N,12300.54,0.197,36.87,45.54,17.572200000000002,19.7,70
GRN,MV WESTERN ALBATROSS,4VV,MUMBAI,8.51,N,12823.96,0.351,36.86,34.47,18.319942857142856,35.099999999999994,70
EVO,MV SILVER FALCON,C7P,JAKARTA,0.74,N,8124.88,0.101,36.84,57.78,11.606971428571429,10.100000000000001,70
SVQ,MV SOUTHERN DOLPHIN,59H,TIANJIN,-8.57,N,28065.53,0.225,36.82,34.29,40.09361428571429,22.5,50
EVO,MV SILVER FALCON,03J,LAEM CHABANG,-6.17,N,19228.25,0.106,36.81,41.49,27.46892857142857,10.6,70
CRY,MV SOUTHERN DOLPHIN,03J,ANTWERP,-8.29,N,18991.45,0.192,36.52,35.13,27.130642857142856,19.2,70
OPR,MV NORTHERN AURORA,F6Y,MUMBAI,6.99,N,19994.01,0.1,36.28,39.03,28.562871428571423,10.0,70
SVQ,MV PACIFIC HORIZON,D12,ANTWERP,2.36,N,8790.39,0.118,36.0,52.92,12.557699999999999,11.799999999999999,70
AZQ,MV EASTERN HORIZON,C0D,SINGAPORE,8.18,N,18464.83,0.163,35.81,35.459999999999994,26.378328571428572,16.3,70
AZQ,MV TRUST DOLPHIN,I2D,BUSAN,0.6,N,4171.44,0.1,35.25,58.199999999999996,5.959199999999999,10.0,70
DPT,MV WESTERN ORCA,F6Y,TIANJIN,-6.35,N,15794.38,0.1,35.05,40.949999999999996,22.5634,10.0,70
CRY,MV PACIFIC SEAL,D12,TIANJIN,-2.42,N,6644.62,0.1,34.67,52.739999999999995,9.492314285714286,10.0,70
CRY,MV RAPID FALCON,C0D,ANTWERP,6.12,N,16738.12,0.244,34.55,41.63999999999999,23.9116,24.4,50
CRY,MV SILVER HARBOR,9NB,JAKARTA,0.9,N,2430.83,0.1,34.23,57.3,3.4726142857142857,10.0,70
AZQ,MV TRUST HORIZON,I2D,SINGAPORE,-3.74,N,7528.69,0.117,34.2,48.779999999999994,10.755271428571428,11.700000000000001,70
EVO,MV WESTERN ALBATROSS,KQ5,LAEM CHABANG,-4.27,N,8822.96,0.1,33.94,47.19,12.60422857142857,10.0,70
DPT,MV TRUST VOYAGER,F6Y,JAKARTA,4.92,N,19075.79,0.1,33.75,45.239999999999995,27.251128571428573,10.0,50
BLX,MV EASTERN SEAWAY,EO3,BUSAN,2.12,N,3731.04,0.1,33.69,53.64,5.330057142857143,10.0,70
GRN,MV ATLANTIC ORCA,03J,PANAMA CITY,-10.86,N,31393.69,0.183,33.34,27.420000000000005,44.84812857142857,18.3,40
OPR,MV SILVER CORAL,DF5,JAKARTA,-11.64,Y,2288.64,0.1,32.5,65.08,3.2694857142857146,10.0,50
SVQ,MV GRAND ORCA,4OF,LAEM CHABANG,8.12,N,10846.16,0.147,32.28,35.64000000000001,15.494514285714287,14.7,70
CRY,MV GOLDEN MARINER,9NB,LAEM CHABANG,-10.34,N,25341.79,0.236,32.27,28.98,36.202557142857145,23.599999999999998,40
AZQ,MV EMERALD DOLPHIN,989,TIANJIN,-9.91,N,14247.12,0.147,32.13,30.269999999999996,20.35302857142857,14.7,70
DPT,MV TRUST GATE,DF5,TIANJIN,1.8,N,8262.52,0.1,31.92,54.6,11.8036,10.0,50
NVX,MV TRUST HERON,I2D,PANAMA CITY,5.7,N,16192.2,0.104,31.89,42.9,23.131714285714285,10.4,50
AZQ,MV BRIGHT HARBOR,C8Q,LAEM CHABANG,5.59,N,6740.67,0.1,31.86,43.230000000000004,9.629528571428573,10.0,70
CRY,MV GOLDEN SEAL,2C7,LAEM CHABANG,9.92,N,10278.51,0.202,31.52,30.240000000000002,14.683585714285716,20.200000000000003,70
NVX,MV EASTERN VOYAGER,DF5,TIANJIN,-2.88,N,8729.14,0.108,31.31,51.35999999999999,12.4702,10.8,50
NVX,MV WESTERN VOYAGER,25Y,BUSAN,-7.29,N,8757.57,0.1,31.19,38.129999999999995,12.510814285714286,10.0,70
UVX,MV OCEAN ORCA,D9M,MUMBAI,-9.48,N,8429.98,0.19,30.88,31.56,12.04282857142857,19.0,70
NVX,MV GOLDEN SEAWAY,LGC,BUSAN,-4.11,N,1047.16,0.1,30.75,47.669999999999995,1.4959428571428572,10.0,70
AZQ,MV BRIGHT DOLPHIN,B5G,TIANJIN,9.47,N,9526.06,0.112,29.8,31.589999999999996,13.608657142857142,11.200000000000001,70
CRY,MV SOUTHERN MARINER,C0D,TIANJIN,4.71,N,50.0,0.1,29.78,45.87,0.07142857142857142,10.0,70
EVO,MV TRUST HORIZON,C0D,ANTWERP,7.02,N,3792.02,0.1,29.31,38.940000000000005,5.417171428571429,10.0,70
EVO,MV ATLANTIC CORAL,89H,SINGAPORE,9.16,N,7048.26,0.126,29.3,32.519999999999996,10.068942857142856,12.6,70
CRY,MV WESTERN ALBATROSS,DF5,ANTWERP,9.35,N,8190.33,0.1,29.1,31.949999999999996,11.700471428571428,10.0,70
NVX,MV EASTERN CORAL,I13,BUSAN,5.68,N,50.0,0.1,28.91,42.96,0.07142857142857142,10.0,70
DPT,MV PACIFIC MARINER,25Y,BUSAN,11.58,N,24880.41,0.1,28.24,25.259999999999998,35.54344285714286,10.0,40
SVQ,MV SOUTHERN DOLPHIN,KP9,TIANJIN,-8.26,N,3780.96,0.1,28.19,35.22,5.401371428571428,10.0,70
GRN,MV PACIFIC HERON,C8Q,JAKARTA,-8.01,N,2646.2,0.1,27.93,35.97,3.780285714285714,10.0,70
NVX,MV ATLANTIC SEAWAY,L93,DAMMAM,-11.09,N,19244.66,0.122,26.71,26.729999999999997,27.492371428571428,12.2,40
UVX,MV SILVER VOYAGER,59H,DAMMAM,-11.53,N,15323.36,0.224,26.67,25.41,21.890514285714286,22.400000000000002,40
OPR,MV ATLANTIC ALBATROSS,I2D,ANTWERP,10.95,N,18448.68,0.1,26.05,27.150000000000002,26.35525714285714,10.0,40
UVX,MV TRUST GATE,59H,JAKARTA,11.15,N,15981.26,0.156,25.93,26.55,22.83037142857143,15.6,40
BLX,MV SILVER VOYAGER,C7P,TIANJIN,11.7,N,18890.94,0.243,24.43,24.9,26.98705714285714,24.3,20
GRN,MV NORTHERN SEAWAY,4OF,MUMBAI,-11.4,N,12555.85,0.3,23.12,25.799999999999994,17.936928571428574,30.0,20
SVQ,MV SILVER ORCA,989,SINGAPORE,-11.27,N,5761.14,0.1,20.33,26.189999999999998,8.2302,10.0,40
AZQ,MV SOUTHERN CORAL,989,JAKARTA,11.81,N,6346.41,0.1,20.09,24.569999999999997,9.0663,10.0,40
CRY,MV WESTERN GATE,HWI,JAKARTA,10.46,N,50.0,0.1,18.61,28.619999999999994,0.07142857142857142,10.0,40
AZQ,MV BRIGHT FALCON,23I,TIANJIN,11.3,N,50.0,0.1,17.85,26.099999999999994,0.07142857142857142,10.0,40
